{
  "metadata": {
    "version": "v9 (Gullane)",
    "created": "2025-01-15",
    "source": "2025 Bambu Forecast v9 (Gullane) (1).xlsx"
  },
  "2025": {
    "months": [
      "Jan",
      "Feb",
      "Mar",
      "Apr",
      "May",
      "Jun",
      "Jul",
      "Aug",
      "Sep",
      "Oct",
      "Nov",
      "Dec"
    ],
    "customers": [
      26400,
      26901,
      27373,
      27880,
      28475,
      28455,
      28958,
      29268,
      29856,
      30445,
      13137,
      13496
    ],
    "pos_transactions_count": [
      1408000,
      1491828,
      1596947,
      1690303,
      1851359,
      1267777,
      1321478,
      1516257,
      1291883,
      1436312,
      1584207,
      1774993
    ],
    "pos_transactions_amount": [
      42240000.0,
      45724551.1040547,
      49984463.0136919,
      54005181.239659086,
      60354303.49682256,
      36980945.17744,
      38877910.15177566,
      39558714.3,
      38653167.54179868,
      43333536.593301006,
      48191603.882732846,
      54439056.39943457
    ],
    "crossborder_transactions_count": [
      105300,
      110052,
      114801,
      125264,
      141300,
      107135,
      111533,
      129231,
      98154,
      101718,
      105039,
      115357
    ],
    "crossborder_transactions_amount": [
      18954000.0,
      19809368.71420977,
      20664308.30591872,
      22547525.340339437,
      25434083.72729251,
      19284368.22,
      20076054.719326578,
      23261708.831411842,
      17667782.22945593,
      18309367.841857523,
      18907040.609212536,
      20764405.385422718
    ],
    "atm_transactions_count": [
      61200,
      64440,
      71801,
      75449,
      82043,
      54231,
      56466,
      59875,
      57157,
      59241,
      63451,
      66833
    ],
    "atm_transactions_amount": [
      16524000.0,
      17399052.95031977,
      19386449.352873143,
      20371281.232526284,
      22151722.259932235,
      14642584.481056174,
      15245977.587714924,
      16166292.10537464,
      15432585.021975666,
      15995217.32099044,
      17132036.86242873,
      18044932.723919816
    ],
    "cashload_transactions_count": [
      280663,
      287654,
      311692,
      337872,
      378864,
      242640,
      254440,
      294537,
      245594,
      270618,
      296367,
      332959
    ],
    "cashload_transactions_amount": [
      63318119.45235541,
      65038510.72294746,
      70174120.63557832,
      76123492.18564686,
      85414260.2440167,
      55824334.54828842,
      58484629.0579046,
      67708545.2088871,
      55811757.08203623,
      61065046.28354637,
      66447114.74576123,
      74472362.24271937
    ],
    "revenue": {
      "foreign_remittance_fees": [
        142779.0,
        149937.0,
        183346.0,
        159015.0,
        176431.0,
        149073.0,
        146083.0,
        156126.0,
        177195.58528779997,
        194106.41085583327,
        305178.05636185745,
        330513.44326545426
      ],
      "foreign_exchange_fees": [
        172840.0,
        181988.0,
        212248.0,
        205971.0,
        217578.0,
        165442.0,
        146893.0,
        163651.0,
        168987.10190773685,
        154267.50663489266,
        228169.46266989122,
        300517.658298224
      ],
      "atm_surcharges": [
        94092.0,
        90160.0,
        106693.0,
        91840.0,
        89160.0,
        88720.0,
        92694.0,
        94892.0,
        94369.98776155018,
        97809.3264364472,
        104759.8705715601,
        110297.81891741979
      ],
      "card_and_interchange_fees_us": [
        408045.0,
        379564.0,
        449922.0,
        366791.0,
        359759.0,
        363411.0,
        407092.0,
        413246.0,
        406115.37221388414,
        455285.0363700184,
        506321.5969966253,
        571730.5055240856
      ],
      "load_fee_revenues": [
        0.0,
        0.0,
        99241.0,
        94337.35525130574,
        100365.17001832911,
        103641.39066281126,
        109176.94852719351
      ],
      "business_card_fees": [
        0.0,
        0.0,
        0.0,
        0.0,
        0.0,
        0.0,
        0.0
      ],
      "total_revenues": [
        883208.0,
        869411.0,
        1021214.0,
        909685.0,
        912980.0,
        819588.0,
        893509.0,
        1032609.0,
        1008964.0643857102,
        1074579.268405666,
        2020230.1262332355,
        2375965.2784988284
      ]
    },
    "expenses": {
      "total_operating_expenses": [
        4151056.0,
        4190453.0,
        4671477.0,
        4716173.0,
        4863468.0,
        4790684.0,
        5139291.0,
        5513241.0,
        5504422.694052318,
        3166289.673067201,
        2345487.541287396,
        2444436.753193306
      ],
      "total_cost_of_services": [
        1050727.0,
        1035200.0,
        1200211.0,
        1095106.0,
        1152881.0,
        1017482.0,
        969072.0,
        1092209.0,
        1008021.6616815986,
        1082502.3069341844,
        1123089.137533594,
        1274822.0665631087
      ]
    }
  },
  "2026": {
    "months": [
      "Jan",
      "Feb",
      "Mar",
      "Apr",
      "May",
      "Jun",
      "Jul",
      "Aug",
      "Sep",
      "Oct",
      "Nov",
      "Dec"
    ],
    "customers": [
      13733,
      24167,
      24838,
      27534,
      28164,
      28775,
      29335,
      29876,
      30285,
      30648,
      30969,
      31257
    ],
    "pos_transactions_count": [
      2155208,
      2588749,
      3175747,
      3895330,
      4278446,
      4604440,
      4908676,
      5243867,
      5559398,
      5857912,
      6199907,
      6516897
    ],
    "pos_transactions_amount": [
      66639036.099069625,
      80691307.57371423,
      99781981.33993457,
      123365126.26951846,
      136568022.92248115,
      148124839.2778461,
      159139288.8793305,
      171317135.86827055,
      183015406.4479675,
      194306962.2853111,
      207200899.90410104,
      219423945.07502842
    ],
    "crossborder_transactions_count": [],
    "crossborder_transactions_amount": [],
    "atm_transactions_count": [],
    "atm_transactions_amount": [],
    "cashload_transactions_count": [],
    "cashload_transactions_amount": [],
    "revenue": {
      "foreign_remittance_fees": [
        361385.0897146348,
        377892.2765664485,
        431307.4749603596,
        489816.8993368774,
        550103.034965502,
        611432.8481308201,
        670378.5999182028,
        733778.5957908967,
        792301.2065675459,
        850479.2844642564,
        913252.5767374223,
        976259.375455818
      ],
      "foreign_exchange_fees": [
        347680.42490461865,
        407321.2358430626,
        499772.9000888937,
        596546.9971152521,
        700222.1313867178,
        809500.8996896668,
        921848.8984421137,
        1040785.7718314208,
        1159407.268129901,
        1282157.3731202448,
        1410755.9774314559,
        1544744.0992548466
      ],
      "atm_surcharges": [
        117266.21596331715,
        122755.57982066608,
        134763.09954819368,
        149328.4461474153,
        164856.06997138952,
        180090.65480573228,
        194761.92172975998,
        210692.5418071093,
        226151.17294616313,
        241238.70672025415,
        258037.3008112793,
        274222.37335455575
      ],
      "card_and_interchange_fees_us": [
        709387.2668569969,
        847436.6397317882,
        1048120.2988299008,
        1295812.117830045,
        1434510.7872172724,
        1555873.370161339,
        1671540.7937333132,
        1799422.8041183474,
        1922268.9361534063,
        2040841.532230154,
        2176134.472548729,
        2304482.8033494847
      ],